{"cameraMode":{"drawMode":0,"name":"Shaded","section":"Shading Mode"},"sceneLighting":false,"audioPlay":false,"sceneViewState":{"showFog":true,"showMaterialUpdate":false,"showSkybox":true,"showFlares":true,"showImageEffects":true,"showParticleSystems":true},"in2DMode":false,"pivot":{"x":-3.604228973388672,"y":16.714359283447267,"z":7.113365173339844},"rotation":{"x":-0.0019852635450661184,"y":0.9373511672019959,"z":-0.34834420680999758,"w":-0.005341674201190472},"size":10.0,"orthographic":false}